classId,difficulty,elapsedLength,eventName,from,length,name,to,topAverage,topAverageLapElapsed
0,95.5,9.1,第28回全日本リレーオリエンテーリング大会,0,9.1,△→1,1,3:41,3:41
0,30.6,11.4,第28回全日本リレーオリエンテーリング大会,1,2.3,1→2,2,0:57,4:38
0,153.3,25.2,第28回全日本リレーオリエンテーリング大会,2,13.8,2→3,3,5:35,10:13
0,58.7,32.3,第28回全日本リレーオリエンテーリング大会,3,7.1,3→4,4,2:52,13:05
0,117.1,37.8,第28回全日本リレーオリエンテーリング大会,4,5.4,4→5,5,2:11,15:17
0,162.3,42.0,第28回全日本リレーオリエンテーリング大会,5,4.2,5→6,6,1:43,17:00
0,317.2,53.0,第28回全日本リレーオリエンテーリング大会,6,11.0,6→7,7,4:27,21:27
0,84.3,58.6,第28回全日本リレーオリエンテーリング大会,7,5.6,7→8,8,2:15,23:42
0,142.2,64.6,第28回全日本リレーオリエンテーリング大会,8,6.0,8→9,9,2:26,26:08
0,119.9,72.4,第28回全日本リレーオリエンテーリング大会,9,7.8,9→10,10,3:10,29:18
0,46.8,74.6,第28回全日本リレーオリエンテーリング大会,10,2.2,10→11,11,0:53,30:12
0,64.8,77.5,第28回全日本リレーオリエンテーリング大会,11,2.9,11→12,12,1:09,31:22
0,104.9,84.9,第28回全日本リレーオリエンテーリング大会,12,7.4,12→13,13,3:00,34:22
0,46.4,86.9,第28回全日本リレーオリエンテーリング大会,13,2.0,13→14,14,0:49,35:11
0,19.2,88.4,第28回全日本リレーオリエンテーリング大会,14,1.5,14→15,15,0:36,35:48
0,148.3,92.9,第28回全日本リレーオリエンテーリング大会,15,4.5,15→16,16,1:50,37:38
0,105.3,95.1,第28回全日本リレーオリエンテーリング大会,16,2.1,16→17,17,0:51,38:29
0,49.9,99.0,第28回全日本リレーオリエンテーリング大会,17,3.9,17→18,18,1:35,40:05
1,124.4,9.8,第28回全日本リレーオリエンテーリング大会,0,9.8,△→1,1,3:48,3:48
1,39.0,12.1,第28回全日本リレーオリエンテーリング大会,1,2.3,1→2,2,0:54,4:42
1,346.4,26.7,第28回全日本リレーオリエンテーリング大会,2,14.6,2→3,3,5:40,10:23
1,197.7,35.2,第28回全日本リレーオリエンテーリング大会,3,8.5,3→4,4,3:17,13:40
1,150.9,40.5,第28回全日本リレーオリエンテーリング大会,4,5.4,4→5,5,2:05,15:46
1,42.0,42.0,第28回全日本リレーオリエンテーリング大会,5,1.4,5→6,6,0:33,16:19
1,314.3,53.1,第28回全日本リレーオリエンテーリング大会,6,11.1,6→7,7,4:19,20:38
1,114.8,58.8,第28回全日本リレーオリエンテーリング大会,7,5.8,7→8,8,2:15,22:53
1,97.1,64.5,第28回全日本リレーオリエンテーリング大会,8,5.6,8→9,9,2:11,25:05
1,108.8,71.8,第28回全日本リレーオリエンテーリング大会,9,7.4,9→10,10,2:52,27:57
1,55.5,74.0,第28回全日本リレーオリエンテーリング大会,10,2.2,10→11,11,0:51,28:48
1,30.7,76.2,第28回全日本リレーオリエンテーリング大会,11,2.1,11→12,12,0:50,29:38
1,64.3,83.7,第28回全日本リレーオリエンテーリング大会,12,7.5,12→13,13,2:55,32:34
1,26.8,85.9,第28回全日本リレーオリエンテーリング大会,13,2.2,13→14,14,0:50,33:24
1,20.0,87.4,第28回全日本リレーオリエンテーリング大会,14,1.5,14→15,15,0:35,33:59
1,53.2,91.5,第28回全日本リレーオリエンテーリング大会,15,4.1,15→16,16,1:36,35:36
1,51.3,95.3,第28回全日本リレーオリエンテーリング大会,16,3.8,16→17,17,1:28,37:04
1,33.8,99.0,第28回全日本リレーオリエンテーリング大会,17,3.7,17→18,18,1:26,38:31
2,109.5,9.1,第28回全日本リレーオリエンテーリング大会,0,9.1,△→1,1,3:43,3:43
2,47.5,11.4,第28回全日本リレーオリエンテーリング大会,1,2.3,1→2,2,0:56,4:39
2,188.2,25.2,第28回全日本リレーオリエンテーリング大会,2,13.8,2→3,3,5:37,10:17
2,168.7,33.7,第28回全日本リレーオリエンテーリング大会,3,8.4,3→4,4,3:26,13:43
2,66.1,36.7,第28回全日本リレーオリエンテーリング大会,4,3.1,4→5,5,1:14,14:58
2,141.2,40.1,第28回全日本リレーオリエンテーリング大会,5,3.4,5→6,6,1:22,16:20
2,281.7,50.4,第28回全日本リレーオリエンテーリング大会,6,10.4,6→7,7,4:13,20:33
2,156.1,56.3,第28回全日本リレーオリエンテーリング大会,7,5.9,7→8,8,2:24,22:57
2,123.0,63.2,第28回全日本リレーオリエンテーリング大会,8,6.9,8→9,9,2:49,25:47
2,86.4,71.6,第28回全日本リレーオリエンテーリング大会,9,8.4,9→10,10,3:24,29:11
2,56.3,74.7,第28回全日本リレーオリエンテーリング大会,10,3.1,10→11,11,1:15,30:26
2,70.3,77.0,第28回全日本リレーオリエンテーリング大会,11,2.3,11→12,12,0:56,31:23
2,148.6,84.2,第28回全日本リレーオリエンテーリング大会,12,7.3,12→13,13,2:57,34:21
2,26.1,86.4,第28回全日本リレーオリエンテーリング大会,13,2.1,13→14,14,0:52,35:13
2,20.2,87.9,第28回全日本リレーオリエンテーリング大会,14,1.5,14→15,15,0:36,35:49
2,107.7,93.5,第28回全日本リレーオリエンテーリング大会,15,5.7,15→16,16,2:18,38:08
2,49.2,96.4,第28回全日本リレーオリエンテーリング大会,16,2.9,16→17,17,1:11,39:19
2,33.4,99.0,第28回全日本リレーオリエンテーリング大会,17,2.5,17→18,18,1:02,40:21
3,101.5,9.3,第28回全日本リレーオリエンテーリング大会,0,9.3,△→1,1,3:40,3:40
3,42.8,12.2,第28回全日本リレーオリエンテーリング大会,1,2.9,1→2,2,1:09,4:49
3,155.0,26.4,第28回全日本リレーオリエンテーリング大会,2,14.3,2→3,3,5:39,10:28
3,63.8,33.5,第28回全日本リレーオリエンテーリング大会,3,7.0,3→4,4,2:47,13:15
3,172.8,39.1,第28回全日本リレーオリエンテーリング大会,4,5.7,4→5,5,2:15,15:30
3,66.0,43.5,第28回全日本リレーオリエンテーリング大会,5,4.3,5→6,6,1:43,17:14
3,337.8,53.9,第28回全日本リレーオリエンテーリング大会,6,10.5,6→7,7,4:08,21:22
3,183.1,59.7,第28回全日本リレーオリエンテーリング大会,7,5.7,7→8,8,2:16,23:38
3,140.0,65.8,第28回全日本リレーオリエンテーリング大会,8,6.1,8→9,9,2:25,26:03
3,130.8,72.7,第28回全日本リレーオリエンテーリング大会,9,7.0,9→10,10,2:45,28:49
3,56.6,74.8,第28回全日本リレーオリエンテーリング大会,10,2.1,10→11,11,0:50,29:40
3,49.9,77.8,第28回全日本リレーオリエンテーリング大会,11,3.0,11→12,12,1:10,30:50
3,80.6,85.1,第28回全日本リレーオリエンテーリング大会,12,7.3,12→13,13,2:54,33:44
3,50.1,87.0,第28回全日本リレーオリエンテーリング大会,13,1.9,13→14,14,0:45,34:29
3,23.0,88.3,第28回全日本リレーオリエンテーリング大会,14,1.3,14→15,15,0:31,35:01
3,103.6,93.0,第28回全日本リレーオリエンテーリング大会,15,4.6,15→16,16,1:50,36:51
3,70.0,95.2,第28回全日本リレーオリエンテーリング大会,16,2.2,16→17,17,0:53,37:44
3,48.2,99.0,第28回全日本リレーオリエンテーリング大会,17,3.8,17→18,18,1:29,39:14
4,130.5,9.6,第28回全日本リレーオリエンテーリング大会,0,9.6,△→1,1,3:58,3:58
4,48.3,12.5,第28回全日本リレーオリエンテーリング大会,1,2.9,1→2,2,1:11,5:09
4,406.1,27.9,第28回全日本リレーオリエンテーリング大会,2,15.4,2→3,3,6:21,11:30
4,327.0,36.7,第28回全日本リレーオリエンテーリング大会,3,8.8,3→4,4,3:39,15:09
4,107.7,42.2,第28回全日本リレーオリエンテーリング大会,4,5.4,4→5,5,2:14,17:23
4,62.5,43.6,第28回全日本リレーオリエンテーリング大会,5,1.5,5→6,6,0:36,17:59
4,183.2,54.3,第28回全日本リレーオリエンテーリング大会,6,10.7,6→7,7,4:25,22:24
4,61.4,59.9,第28回全日本リレーオリエンテーリング大会,7,5.6,7→8,8,2:18,24:43
4,91.8,66.1,第28回全日本リレーオリエンテーリング大会,8,6.2,8→9,9,2:33,27:16
4,89.4,73.5,第28回全日本リレーオリエンテーリング大会,9,7.3,9→10,10,3:01,30:18
4,59.2,75.6,第28回全日本リレーオリエンテーリング大会,10,2.2,10→11,11,0:53,31:11
4,51.3,77.7,第28回全日本リレーオリエンテーリング大会,11,2.1,11→12,12,0:51,32:03
4,53.1,84.8,第28回全日本リレーオリエンテーリング大会,12,7.1,12→13,13,2:55,34:58
4,58.6,86.5,第28回全日本リレーオリエンテーリング大会,13,1.8,13→14,14,0:43,35:42
4,20.5,87.9,第28回全日本リレーオリエンテーリング大会,14,1.4,14→15,15,0:34,36:16
4,37.9,91.7,第28回全日本リレーオリエンテーリング大会,15,3.8,15→16,16,1:35,37:51
4,52.0,95.5,第28回全日本リレーオリエンテーリング大会,16,3.8,16→17,17,1:34,39:25
4,47.5,98.9,第28回全日本リレーオリエンテーリング大会,17,3.4,17→18,18,1:23,40:49
5,108.9,8.9,第28回全日本リレーオリエンテーリング大会,0,8.9,△→1,1,3:38,3:38
5,51.9,11.7,第28回全日本リレーオリエンテーリング大会,1,2.8,1→2,2,1:10,4:48
5,99.0,25.9,第28回全日本リレーオリエンテーリング大会,2,14.1,2→3,3,5:47,10:35
5,273.2,34.4,第28回全日本リレーオリエンテーリング大会,3,8.5,3→4,4,3:29,14:04
5,67.2,37.7,第28回全日本リレーオリエンテーリング大会,4,3.4,4→5,5,1:23,15:27
5,103.7,40.9,第28回全日本リレーオリエンテーリング大会,5,3.2,5→6,6,1:18,16:46
5,243.6,51.7,第28回全日本リレーオリエンテーリング大会,6,10.8,6→7,7,4:25,21:12
5,118.8,57.4,第28回全日本リレーオリエンテーリング大会,7,5.7,7→8,8,2:19,23:31
5,295.3,64.3,第28回全日本リレーオリエンテーリング大会,8,6.9,8→9,9,2:48,26:20
5,104.8,72.2,第28回全日本リレーオリエンテーリング大会,9,7.9,9→10,10,3:13,29:34
5,57.4,75.2,第28回全日本リレーオリエンテーリング大会,10,3.1,10→11,11,1:16,30:50
5,39.5,77.8,第28回全日本リレーオリエンテーリング大会,11,2.6,11→12,12,1:03,31:53
5,64.5,85.1,第28回全日本リレーオリエンテーリング大会,12,7.3,12→13,13,2:59,34:52
5,53.2,86.9,第28回全日本リレーオリエンテーリング大会,13,1.8,13→14,14,0:43,35:36
5,23.9,88.2,第28回全日本リレーオリエンテーリング大会,14,1.3,14→15,15,0:33,36:09
5,70.0,93.8,第28回全日本リレーオリエンテーリング大会,15,5.6,15→16,16,2:17,38:26
5,65.0,96.7,第28回全日本リレーオリエンテーリング大会,16,2.9,16→17,17,1:10,39:37
5,43.9,99.0,第28回全日本リレーオリエンテーリング大会,17,2.3,17→18,18,0:56,40:33
6,76.4,8.8,第28回全日本リレーオリエンテーリング大会,0,8.8,△→1,1,3:50,3:50
6,44.4,12.4,第28回全日本リレーオリエンテーリング大会,1,3.6,1→2,2,1:33,5:23
6,215.4,25.6,第28回全日本リレーオリエンテーリング大会,2,13.2,2→3,3,5:46,11:09
6,260.5,32.6,第28回全日本リレーオリエンテーリング大会,3,7.0,3→4,4,3:04,14:14
6,77.1,38.2,第28回全日本リレーオリエンテーリング大会,4,5.6,4→5,5,2:27,16:41
6,65.5,42.2,第28回全日本リレーオリエンテーリング大会,5,4.0,5→6,6,1:44,18:25
6,221.7,53.9,第28回全日本リレーオリエンテーリング大会,6,11.7,6→7,7,5:07,23:33
6,217.0,60.1,第28回全日本リレーオリエンテーリング大会,7,6.2,7→8,8,2:42,26:15
6,74.7,65.8,第28回全日本リレーオリエンテーリング大会,8,5.7,8→9,9,2:30,28:45
6,161.5,73.1,第28回全日本リレーオリエンテーリング大会,9,7.2,9→10,10,3:10,31:55
6,38.7,75.2,第28回全日本リレーオリエンテーリング大会,10,2.2,10→11,11,0:57,32:52
6,68.6,78.0,第28回全日本リレーオリエンテーリング大会,11,2.7,11→12,12,1:11,34:03
6,71.7,84.8,第28回全日本リレーオリエンテーリング大会,12,6.8,12→13,13,2:58,37:02
6,37.1,87.8,第28回全日本リレーオリエンテーリング大会,13,3.0,13→14,14,1:18,38:20
6,15.7,88.5,第28回全日本リレーオリエンテーリング大会,14,0.8,14→15,15,0:20,38:40
6,117.6,92.8,第28回全日本リレーオリエンテーリング大会,15,4.2,15→16,16,1:50,40:31
6,59.8,95.3,第28回全日本リレーオリエンテーリング大会,16,2.6,16→17,17,1:07,41:38
6,60.7,99.0,第28回全日本リレーオリエンテーリング大会,17,3.7,17→18,18,1:36,43:15
7,160.8,9.3,第28回全日本リレーオリエンテーリング大会,0,9.3,△→1,1,3:50,3:50
7,39.5,12.8,第28回全日本リレーオリエンテーリング大会,1,3.6,1→2,2,1:29,5:19
7,482.0,27.3,第28回全日本リレーオリエンテーリング大会,2,14.5,2→3,3,6:01,11:20
7,197.2,36.6,第28回全日本リレーオリエンテーリング大会,3,9.2,3→4,4,3:50,15:11
7,134.9,41.4,第28回全日本リレーオリエンテーリング大会,4,4.9,4→5,5,2:01,17:12
7,37.6,42.9,第28回全日本リレーオリエンテーリング大会,5,1.5,5→6,6,0:37,17:50
7,194.2,54.3,第28回全日本リレーオリエンテーリング大会,6,11.4,6→7,7,4:43,22:33
7,120.6,60.8,第28回全日本リレーオリエンテーリング大会,7,6.5,7→8,8,2:42,25:15
7,104.3,66.3,第28回全日本リレーオリエンテーリング大会,8,5.5,8→9,9,2:16,27:32
7,64.5,73.4,第28回全日本リレーオリエンテーリング大会,9,7.1,9→10,10,2:56,30:29
7,46.5,75.4,第28回全日本リレーオリエンテーリング大会,10,2.0,10→11,11,0:50,31:19
7,30.1,77.4,第28回全日本リレーオリエンテーリング大会,11,1.9,11→12,12,0:48,32:08
7,53.7,84.3,第28回全日本リレーオリエンテーリング大会,12,6.9,12→13,13,2:53,35:01
7,57.8,87.2,第28回全日本リレーオリエンテーリング大会,13,2.9,13→14,14,1:13,36:14
7,11.0,88.0,第28回全日本リレーオリエンテーリング大会,14,0.8,14→15,15,0:20,36:34
7,56.4,91.8,第28回全日本リレーオリエンテーリング大会,15,3.8,15→16,16,1:33,38:07
7,36.1,95.5,第28回全日本リレーオリエンテーリング大会,16,3.7,16→17,17,1:33,39:40
7,48.1,99.0,第28回全日本リレーオリエンテーリング大会,17,3.5,17→18,18,1:27,41:07
8,101.7,8.9,第28回全日本リレーオリエンテーリング大会,0,8.9,△→1,1,3:48,3:48
8,55.7,12.3,第28回全日本リレーオリエンテーリング大会,1,3.4,1→2,2,1:26,5:14
8,108.9,25.8,第28回全日本リレーオリエンテーリング大会,2,13.6,2→3,3,5:46,11:00
8,282.8,34.0,第28回全日本リレーオリエンテーリング大会,3,8.1,3→4,4,3:27,14:27
8,143.9,37.2,第28回全日本リレーオリエンテーリング大会,4,3.3,4→5,5,1:24,15:52
8,78.3,40.2,第28回全日本リレーオリエンテーリング大会,5,2.9,5→6,6,1:14,17:06
8,146.0,50.8,第28回全日本リレーオリエンテーリング大会,6,10.7,6→7,7,4:32,21:39
8,154.7,57.4,第28回全日本リレーオリエンテーリング大会,7,6.6,7→8,8,2:49,24:28
8,209.9,63.8,第28回全日本リレーオリエンテーリング大会,8,6.4,8→9,9,2:43,27:11
8,63.8,71.3,第28回全日本リレーオリエンテーリング大会,9,7.5,9→10,10,3:12,30:23
8,155.8,74.7,第28回全日本リレーオリエンテーリング大会,10,3.3,10→11,11,1:25,31:48
8,86.3,77.1,第28回全日本リレーオリエンテーリング大会,11,2.4,11→12,12,1:01,32:49
8,91.5,84.1,第28回全日本リレーオリエンテーリング大会,12,7.1,12→13,13,3:01,35:50
8,33.5,87.1,第28回全日本リレーオリエンテーリング大会,13,3.0,13→14,14,1:17,37:07
8,12.5,87.9,第28回全日本リレーオリエンテーリング大会,14,0.8,14→15,15,0:19,37:27
8,72.5,93.6,第28回全日本リレーオリエンテーリング大会,15,5.7,15→16,16,2:24,39:52
8,44.5,96.5,第28回全日本リレーオリエンテーリング大会,16,3.0,16→17,17,1:16,41:08
8,37.1,99.0,第28回全日本リレーオリエンテーリング大会,17,2.4,17→18,18,1:01,42:09
9,124.6,11.2,第28回全日本リレーオリエンテーリング大会,0,11.2,△→1,1,4:57,4:57
9,104.7,15.9,第28回全日本リレーオリエンテーリング大会,1,4.7,1→2,2,2:06,7:03
9,244.5,32.6,第28回全日本リレーオリエンテーリング大会,2,16.6,2→3,3,7:23,14:27
9,196.1,38.9,第28回全日本リレーオリエンテーリング大会,3,6.3,3→4,4,2:48,17:15
9,218.4,41.8,第28回全日本リレーオリエンテーリング大会,4,2.9,4→5,5,1:17,18:32
9,65.0,49.1,第28回全日本リレーオリエンテーリング大会,5,7.4,5→6,6,3:16,21:49
9,139.7,56.6,第28回全日本リレーオリエンテーリング大会,6,7.5,6→7,7,3:19,25:08
9,203.5,66.4,第28回全日本リレーオリエンテーリング大会,7,9.8,7→8,8,4:22,29:30
9,52.7,69.0,第28回全日本リレーオリエンテーリング大会,8,2.6,8→9,9,1:09,30:40
9,52.1,72.7,第28回全日本リレーオリエンテーリング大会,9,3.6,9→10,10,1:36,32:16
9,57.1,81.0,第28回全日本リレーオリエンテーリング大会,10,8.3,10→11,11,3:42,35:59
9,17.6,83.8,第28回全日本リレーオリエンテーリング大会,11,2.8,11→12,12,1:13,37:12
9,20.9,85.7,第28回全日本リレーオリエンテーリング大会,12,1.9,12→13,13,0:51,38:03
9,46.4,90.5,第28回全日本リレーオリエンテーリング大会,13,4.8,13→14,14,2:08,40:11
9,109.6,94.1,第28回全日本リレーオリエンテーリング大会,14,3.6,14→15,15,1:35,41:47
9,27.9,98.7,第28回全日本リレーオリエンテーリング大会,15,4.7,15→16,16,2:04,43:51
10,129.5,10.6,第28回全日本リレーオリエンテーリング大会,0,10.6,△→1,1,4:44,4:44
10,62.2,14.9,第28回全日本リレーオリエンテーリング大会,1,4.3,1→2,2,1:54,6:38
10,569.2,32.1,第28回全日本リレーオリエンテーリング大会,2,17.2,2→3,3,7:38,14:17
10,108.6,38.0,第28回全日本リレーオリエンテーリング大会,3,6.0,3→4,4,2:39,16:57
10,74.8,41.9,第28回全日本リレーオリエンテーリング大会,4,3.9,4→5,5,1:44,18:41
10,120.9,49.0,第28回全日本リレーオリエンテーリング大会,5,7.1,5→6,6,3:09,21:50
10,168.6,58.7,第28回全日本リレーオリエンテーリング大会,6,9.6,6→7,7,4:18,26:08
10,69.1,67.8,第28回全日本リレーオリエンテーリング大会,7,9.2,7→8,8,4:05,30:13
10,78.4,71.5,第28回全日本リレーオリエンテーリング大会,8,3.7,8→9,9,1:38,31:52
10,25.0,74.3,第28回全日本リレーオリエンテーリング大会,9,2.8,9→10,10,1:14,33:06
10,110.6,82.2,第28回全日本リレーオリエンテーリング大会,10,7.9,10→11,11,3:32,36:38
10,22.8,84.7,第28回全日本リレーオリエンテーリング大会,11,2.5,11→12,12,1:06,37:44
10,29.5,86.5,第28回全日本リレーオリエンテーリング大会,12,1.8,12→13,13,0:48,38:33
10,57.2,91.3,第28回全日本リレーオリエンテーリング大会,13,4.8,13→14,14,2:07,40:40
10,26.4,94.9,第28回全日本リレーオリエンテーリング大会,14,3.6,14→15,15,1:37,42:18
10,30.8,98.9,第28回全日本リレーオリエンテーリング大会,15,4.0,15→16,16,1:47,44:05
11,71.0,9.3,第28回全日本リレーオリエンテーリング大会,0,9.3,△→1,1,3:47,3:47
11,40.1,12.3,第28回全日本リレーオリエンテーリング大会,1,3.0,1→2,2,1:12,4:59
11,262.1,30.0,第28回全日本リレーオリエンテーリング大会,2,17.7,2→3,3,7:11,12:10
11,88.3,35.8,第28回全日本リレーオリエンテーリング大会,3,5.9,3→4,4,2:22,14:32
11,175.1,40.1,第28回全日本リレーオリエンテーリング大会,4,4.3,4→5,5,1:44,16:17
11,123.4,45.2,第28回全日本リレーオリエンテーリング大会,5,5.1,5→6,6,2:04,18:21
11,143.7,52.9,第28回全日本リレーオリエンテーリング大会,6,7.7,6→7,7,3:07,21:29
11,383.0,64.2,第28回全日本リレーオリエンテーリング大会,7,11.3,7→8,8,4:35,26:04
11,50.6,67.0,第28回全日本リレーオリエンテーリング大会,8,2.8,8→9,9,1:08,27:12
11,49.4,71.3,第28回全日本リレーオリエンテーリング大会,9,4.3,9→10,10,1:44,28:56
11,95.3,80.5,第28回全日本リレーオリエンテーリング大会,10,9.2,10→11,11,3:45,32:41
11,30.2,82.8,第28回全日本リレーオリエンテーリング大会,11,2.3,11→12,12,0:56,33:38
11,22.6,84.7,第28回全日本リレーオリエンテーリング大会,12,1.9,12→13,13,0:46,34:24
11,55.7,89.7,第28回全日本リレーオリエンテーリング大会,13,5.0,13→14,14,2:00,36:25
11,31.3,93.8,第28回全日本リレーオリエンテーリング大会,14,4.1,14→15,15,1:40,38:05
11,49.4,98.7,第28回全日本リレーオリエンテーリング大会,15,4.9,15→16,16,1:59,40:04
12,79.4,8.6,第28回全日本リレーオリエンテーリング大会,0,8.6,△→1,1,4:33,4:33
12,38.4,11.1,第28回全日本リレーオリエンテーリング大会,1,2.6,1→2,2,1:21,5:54
12,134.9,26.2,第28回全日本リレーオリエンテーリング大会,2,15.0,2→3,3,7:57,13:51
12,55.6,32.5,第28回全日本リレーオリエンテーリング大会,3,6.3,3→4,4,3:20,17:11
12,172.1,37.8,第28回全日本リレーオリエンテーリング大会,4,5.3,4→5,5,2:49,20:01
12,75.7,43.0,第28回全日本リレーオリエンテーリング大会,5,5.2,5→6,6,2:44,22:45
12,446.5,53.2,第28回全日本リレーオリエンテーリング大会,6,10.2,6→7,7,5:22,28:07
12,136.2,63.9,第28回全日本リレーオリエンテーリング大会,7,10.8,7→8,8,5:42,33:50
12,121.8,69.1,第28回全日本リレーオリエンテーリング大会,8,5.1,8→9,9,2:43,36:33
12,54.8,72.6,第28回全日本リレーオリエンテーリング大会,9,3.6,9→10,10,1:53,38:26
12,93.0,80.8,第28回全日本リレーオリエンテーリング大会,10,8.2,10→11,11,4:20,42:46
12,50.8,83.5,第28回全日本リレーオリエンテーリング大会,11,2.7,11→12,12,1:25,44:11
12,29.5,85.3,第28回全日本リレーオリエンテーリング大会,12,1.8,12→13,13,0:56,45:07
12,111.2,90.8,第28回全日本リレーオリエンテーリング大会,13,5.5,13→14,14,2:54,48:01
12,42.8,94.7,第28回全日本リレーオリエンテーリング大会,14,3.9,14→15,15,2:03,50:05
12,40.0,98.9,第28回全日本リレーオリエンテーリング大会,15,4.2,15→16,16,2:14,52:19
13,156.1,11.1,第28回全日本リレーオリエンテーリング大会,0,11.1,△→1,1,5:03,5:03
13,48.8,14.4,第28回全日本リレーオリエンテーリング大会,1,3.3,1→2,2,1:29,6:32
13,148.9,31.3,第28回全日本リレーオリエンテーリング大会,2,16.9,2→3,3,7:38,14:10
13,263.8,37.9,第28回全日本リレーオリエンテーリング大会,3,6.6,3→4,4,3:00,17:10
13,114.8,42.9,第28回全日本リレーオリエンテーリング大会,4,5.0,4→5,5,2:15,19:26
13,64.4,47.0,第28回全日本リレーオリエンテーリング大会,5,4.1,5→6,6,1:52,21:18
13,83.0,54.5,第28回全日本リレーオリエンテーリング大会,6,7.4,6→7,7,3:22,24:41
13,318.3,65.8,第28回全日本リレーオリエンテーリング大会,7,11.3,7→8,8,5:08,29:49
13,52.0,68.3,第28回全日本リレーオリエンテーリング大会,8,2.5,8→9,9,1:08,30:58
13,75.6,72.1,第28回全日本リレーオリエンテーリング大会,9,3.8,9→10,10,1:43,32:41
13,99.5,80.7,第28回全日本リレーオリエンテーリング大会,10,8.6,10→11,11,3:53,36:34
13,48.3,84.6,第28回全日本リレーオリエンテーリング大会,11,3.9,11→12,12,1:46,38:21
13,22.8,85.6,第28回全日本リレーオリエンテーリング大会,12,1.0,12→13,13,0:28,38:49
13,66.2,90.2,第28回全日本リレーオリエンテーリング大会,13,4.6,13→14,14,2:04,40:53
13,51.4,93.9,第28回全日本リレーオリエンテーリング大会,14,3.7,14→15,15,1:40,42:33
13,66.6,98.8,第28回全日本リレーオリエンテーリング大会,15,5.0,15→16,16,2:14,44:48
14,83.5,10.9,第28回全日本リレーオリエンテーリング大会,0,10.9,△→1,1,5:20,5:20
14,10.9,13.6,第28回全日本リレーオリエンテーリング大会,1,2.7,1→2,2,1:19,6:39
14,662.0,30.0,第28回全日本リレーオリエンテーリング大会,2,16.4,2→3,3,8:02,14:41
14,115.9,36.2,第28回全日本リレーオリエンテーリング大会,3,6.2,3→4,4,3:01,17:43
14,24.1,40.6,第28回全日本リレーオリエンテーリング大会,4,4.3,4→5,5,2:07,19:50
14,109.5,44.6,第28回全日本リレーオリエンテーリング大会,5,4.0,5→6,6,1:58,21:49
14,208.5,53.2,第28回全日本リレーオリエンテーリング大会,6,8.6,6→7,7,4:13,26:02
14,98.5,64.4,第28回全日本リレーオリエンテーリング大会,7,11.2,7→8,8,5:29,31:31
14,43.2,68.2,第28回全日本リレーオリエンテーリング大会,8,3.7,8→9,9,1:50,33:21
14,35.4,71.5,第28回全日本リレーオリエンテーリング大会,9,3.3,9→10,10,1:37,34:59
14,79.7,80.0,第28回全日本リレーオリエンテーリング大会,10,8.5,10→11,11,4:09,39:08
14,70.1,84.2,第28回全日本リレーオリエンテーリング大会,11,4.2,11→12,12,2:02,41:11
14,25.8,85.1,第28回全日本リレーオリエンテーリング大会,12,0.9,12→13,13,0:27,41:38
14,56.1,90.8,第28回全日本リレーオリエンテーリング大会,13,5.7,13→14,14,2:47,44:25
14,28.9,94.6,第28回全日本リレーオリエンテーリング大会,14,3.8,14→15,15,1:51,46:16
14,31.8,98.9,第28回全日本リレーオリエンテーリング大会,15,4.3,15→16,16,2:06,48:23
15,59.1,9.9,第28回全日本リレーオリエンテーリング大会,0,9.9,△→1,1,4:14,4:14
15,45.4,13.6,第28回全日本リレーオリエンテーリング大会,1,3.7,1→2,2,1:35,5:49
15,657.9,28.0,第28回全日本リレーオリエンテーリング大会,2,14.4,2→3,3,6:11,12:00
15,219.2,42.5,第28回全日本リレーオリエンテーリング大会,3,14.5,3→4,4,6:12,18:12
15,33.4,44.2,第28回全日本リレーオリエンテーリング大会,4,1.8,4→5,5,0:45,18:57
15,39.3,47.0,第28回全日本リレーオリエンテーリング大会,5,2.8,5→6,6,1:11,20:09
15,138.2,52.2,第28回全日本リレーオリエンテーリング大会,6,5.2,6→7,7,2:13,22:23
15,160.0,60.2,第28回全日本リレーオリエンテーリング大会,7,8.0,7→8,8,3:25,25:48
15,151.6,70.1,第28回全日本リレーオリエンテーリング大会,8,10.0,8→9,9,4:16,30:04
15,36.4,72.4,第28回全日本リレーオリエンテーリング大会,9,2.2,9→10,10,0:57,31:01
15,29.2,75.2,第28回全日本リレーオリエンテーリング大会,10,2.9,10→11,11,1:14,32:15
15,62.8,82.8,第28回全日本リレーオリエンテーリング大会,11,7.6,11→12,12,3:14,35:29
15,24.2,86.3,第28回全日本リレーオリエンテーリング大会,12,3.5,12→13,13,1:29,36:59
15,9.4,87.2,第28回全日本リレーオリエンテーリング大会,13,0.9,13→14,14,0:23,37:22
15,50.6,91.1,第28回全日本リレーオリエンテーリング大会,14,4.0,14→15,15,1:41,39:04
15,35.2,95.4,第28回全日本リレーオリエンテーリング大会,15,4.2,15→16,16,1:48,40:53
15,31.5,99.1,第28回全日本リレーオリエンテーリング大会,16,3.7,16→17,17,1:35,42:28
16,149.1,9.5,第28回全日本リレーオリエンテーリング大会,0,9.5,△→1,1,3:41,3:41
16,35.8,13.0,第28回全日本リレーオリエンテーリング大会,1,3.5,1→2,2,1:21,5:02
16,315.9,29.7,第28回全日本リレーオリエンテーリング大会,2,16.7,2→3,3,6:28,11:31
16,387.2,41.4,第28回全日本リレーオリエンテーリング大会,3,11.8,3→4,4,4:34,16:05
16,122.3,47.2,第28回全日本リレーオリエンテーリング大会,4,5.7,4→5,5,2:14,18:19
16,67.6,50.3,第28回全日本リレーオリエンテーリング大会,5,3.1,5→6,6,1:12,19:31
16,100.0,54.1,第28回全日本リレーオリエンテーリング大会,6,3.8,6→7,7,1:28,20:59
16,90.5,61.1,第28回全日本リレーオリエンテーリング大会,7,7.1,7→8,8,2:44,23:44
16,69.5,67.4,第28回全日本リレーオリエンテーリング大会,8,6.2,8→9,9,2:25,26:10
16,73.8,71.3,第28回全日本リレーオリエンテーリング大会,9,3.9,9→10,10,1:30,27:40
16,33.2,74.7,第28回全日本リレーオリエンテーリング大会,10,3.4,10→11,11,1:20,29:00
16,87.9,83.0,第28回全日本リレーオリエンテーリング大会,11,8.3,11→12,12,3:14,32:14
16,21.9,85.4,第28回全日本リレーオリエンテーリング大会,12,2.3,12→13,13,0:54,33:09
16,19.7,87.1,第28回全日本リレーオリエンテーリング大会,13,1.7,13→14,14,0:40,33:50
16,97.8,92.2,第28回全日本リレーオリエンテーリング大会,14,5.1,14→15,15,1:59,35:49
16,47.8,94.7,第28回全日本リレーオリエンテーリング大会,15,2.4,15→16,16,0:56,36:45
16,57.7,98.9,第28回全日本リレーオリエンテーリング大会,16,4.2,16→17,17,1:38,38:24
17,65.8,9.3,第28回全日本リレーオリエンテーリング大会,0,9.3,△→1,1,4:00,4:00
17,30.2,11.7,第28回全日本リレーオリエンテーリング大会,1,2.4,1→2,2,1:00,5:00
17,626.3,28.0,第28回全日本リレーオリエンテーリング大会,2,16.3,2→3,3,6:59,11:59
17,278.1,42.3,第28回全日本リレーオリエンテーリング大会,3,14.3,3→4,4,6:07,18:07
17,96.7,47.7,第28回全日本リレーオリエンテーリング大会,4,5.5,4→5,5,2:20,20:27
17,56.3,51.8,第28回全日本リレーオリエンテーリング大会,5,4.1,5→6,6,1:45,22:13
17,96.9,56.1,第28回全日本リレーオリエンテーリング大会,6,4.3,6→7,7,1:50,24:03
17,101.2,62.8,第28回全日本リレーオリエンテーリング大会,7,6.7,7→8,8,2:51,26:54
17,89.4,70.3,第28回全日本リレーオリエンテーリング大会,8,7.5,8→9,9,3:13,30:08
17,47.9,73.3,第28回全日本リレーオリエンテーリング大会,9,3.0,9→10,10,1:17,31:25
17,39.1,76.3,第28回全日本リレーオリエンテーリング大会,10,3.0,10→11,11,1:17,32:42
17,47.6,83.9,第28回全日本リレーオリエンテーリング大会,11,7.6,11→12,12,3:14,35:57
17,41.7,86.0,第28回全日本リレーオリエンテーリング大会,12,2.1,12→13,13,0:53,36:50
17,19.4,87.5,第28回全日本リレーオリエンテーリング大会,13,1.5,13→14,14,0:38,37:29
17,47.5,93.2,第28回全日本リレーオリエンテーリング大会,14,5.8,14→15,15,2:28,39:57
17,67.9,96.3,第28回全日本リレーオリエンテーリング大会,15,3.1,15→16,16,1:20,41:17
17,25.4,99.0,第28回全日本リレーオリエンテーリング大会,16,2.6,16→17,17,1:07,42:24
18,126.0,11.0,第28回全日本リレーオリエンテーリング大会,0,11.0,△→1,1,6:00,6:00
18,41.2,16.0,第28回全日本リレーオリエンテーリング大会,1,5.0,1→2,2,2:42,8:42
18,385.8,30.1,第28回全日本リレーオリエンテーリング大会,2,14.1,2→3,3,7:42,16:24
18,122.3,40.8,第28回全日本リレーオリエンテーリング大会,3,10.7,3→4,4,5:50,22:14
18,92.2,44.3,第28回全日本リレーオリエンテーリング大会,4,3.5,4→5,5,1:53,24:07
18,62.4,49.7,第28回全日本リレーオリエンテーリング大会,5,5.5,5→6,6,2:58,27:06
18,272.5,57.3,第28回全日本リレーオリエンテーリング大会,6,7.6,6→7,7,4:08,31:14
18,83.6,66.2,第28回全日本リレーオリエンテーリング大会,7,8.8,7→8,8,4:48,36:02
18,164.5,70.1,第28回全日本リレーオリエンテーリング大会,8,4.0,8→9,9,2:09,38:12
18,52.1,72.7,第28回全日本リレーオリエンテーリング大会,9,2.5,9→10,10,1:23,39:35
18,102.2,81.0,第28回全日本リレーオリエンテーリング大会,10,8.4,10→11,11,4:33,44:09
18,16.1,83.9,第28回全日本リレーオリエンテーリング大会,11,2.8,11→12,12,1:32,45:41
18,33.6,85.9,第28回全日本リレーオリエンテーリング大会,12,2.0,12→13,13,1:07,46:48
18,45.0,90.4,第28回全日本リレーオリエンテーリング大会,13,4.5,13→14,14,2:28,49:16
18,47.3,93.9,第28回全日本リレーオリエンテーリング大会,14,3.5,14→15,15,1:54,51:11
18,18.3,98.9,第28回全日本リレーオリエンテーリング大会,15,5.0,15→16,16,2:42,53:53
19,28.2,9.7,第28回全日本リレーオリエンテーリング大会,0,9.7,△→1,1,4:46,4:46
19,15.2,12.5,第28回全日本リレーオリエンテーリング大会,1,2.7,1→2,2,1:20,6:06
19,186.3,26.9,第28回全日本リレーオリエンテーリング大会,2,14.5,2→3,3,7:05,13:11
19,213.7,35.0,第28回全日本リレーオリエンテーリング大会,3,8.1,3→4,4,3:57,17:09
19,121.1,39.2,第28回全日本リレーオリエンテーリング大会,4,4.2,4→5,5,2:02,19:11
19,85.5,45.0,第28回全日本リレーオリエンテーリング大会,5,5.8,5→6,6,2:51,22:02
19,255.5,52.9,第28回全日本リレーオリエンテーリング大会,6,7.9,6→7,7,3:52,25:55
19,52.3,61.0,第28回全日本リレーオリエンテーリング大会,7,8.0,7→8,8,3:56,29:51
19,455.9,66.6,第28回全日本リレーオリエンテーリング大会,8,5.6,8→9,9,2:46,32:37
19,38.5,70.8,第28回全日本リレーオリエンテーリング大会,9,4.2,9→10,10,2:03,34:41
19,48.6,80.0,第28回全日本リレーオリエンテーリング大会,10,9.1,10→11,11,4:28,39:09
19,28.8,84.1,第28回全日本リレーオリエンテーリング大会,11,4.1,11→12,12,2:01,41:11
19,9.3,85.2,第28回全日本リレーオリエンテーリング大会,12,1.0,12→13,13,0:30,41:42
19,59.9,90.2,第28回全日本リレーオリエンテーリング大会,13,5.1,13→14,14,2:28,44:10
19,31.8,93.8,第28回全日本リレーオリエンテーリング大会,14,3.6,14→15,15,1:45,45:56
19,54.8,98.7,第28回全日本リレーオリエンテーリング大会,15,4.9,15→16,16,2:25,48:21
20,161.7,11.5,第28回全日本リレーオリエンテーリング大会,0,11.5,△→1,1,5:44,5:44
20,46.0,14.8,第28回全日本リレーオリエンテーリング大会,1,3.3,1→2,2,1:38,7:23
20,113.4,27.1,第28回全日本リレーオリエンテーリング大会,2,12.3,2→3,3,6:09,13:32
20,84.8,34.6,第28回全日本リレーオリエンテーリング大会,3,7.6,3→4,4,3:47,17:19
20,94.5,37.5,第28回全日本リレーオリエンテーリング大会,4,2.9,4→5,5,1:26,18:46
20,121.2,45.6,第28回全日本リレーオリエンテーリング大会,5,8.1,5→6,6,4:03,22:49
20,106.6,54.2,第28回全日本リレーオリエンテーリング大会,6,8.6,6→7,7,4:19,27:08
20,187.7,65.1,第28回全日本リレーオリエンテーリング大会,7,10.9,7→8,8,5:27,32:36
20,96.1,69.6,第28回全日本リレーオリエンテーリング大会,8,4.4,8→9,9,2:13,34:49
20,46.9,72.9,第28回全日本リレーオリエンテーリング大会,9,3.4,9→10,10,1:40,36:30
20,100.7,80.8,第28回全日本リレーオリエンテーリング大会,10,7.9,10→11,11,3:57,40:27
20,42.0,83.1,第28回全日本リレーオリエンテーリング大会,11,2.2,11→12,12,1:06,41:34
20,15.5,84.8,第28回全日本リレーオリエンテーリング大会,12,1.7,12→13,13,0:51,42:25
20,186.1,89.8,第28回全日本リレーオリエンテーリング大会,13,5.0,13→14,14,2:31,44:57
20,99.1,93.7,第28回全日本リレーオリエンテーリング大会,14,3.9,14→15,15,1:57,46:54
20,174.2,98.8,第28回全日本リレーオリエンテーリング大会,15,5.1,15→16,16,2:32,49:27
21,108.5,12.2,第28回全日本リレーオリエンテーリング大会,0,12.2,△→1,1,4:06,4:06
21,49.8,17.2,第28回全日本リレーオリエンテーリング大会,1,4.9,1→2,2,1:40,5:46
21,326.7,30.9,第28回全日本リレーオリエンテーリング大会,2,13.7,2→3,3,4:37,10:24
21,293.1,38.2,第28回全日本リレーオリエンテーリング大会,3,7.3,3→4,4,2:28,12:52
21,44.1,40.4,第28回全日本リレーオリエンテーリング大会,4,2.2,4→5,5,0:45,13:37
21,126.9,47.9,第28回全日本リレーオリエンテーリング大会,5,7.4,5→6,6,2:29,16:06
21,191.8,55.4,第28回全日本リレーオリエンテーリング大会,6,7.6,6→7,7,2:33,18:40
21,173.4,65.2,第28回全日本リレーオリエンテーリング大会,7,9.7,7→8,8,3:16,21:56
21,44.5,67.9,第28回全日本リレーオリエンテーリング大会,8,2.8,8→9,9,0:55,22:52
21,36.8,71.0,第28回全日本リレーオリエンテーリング大会,9,3.0,9→10,10,1:01,23:53
21,39.5,80.0,第28回全日本リレーオリエンテーリング大会,10,9.0,10→11,11,3:02,26:55
21,20.0,82.6,第28回全日本リレーオリエンテーリング大会,11,2.6,11→12,12,0:53,27:49
21,17.6,84.5,第28回全日本リレーオリエンテーリング大会,12,1.9,12→13,13,0:38,28:27
21,107.6,90.2,第28回全日本リレーオリエンテーリング大会,13,5.7,13→14,14,1:55,30:22
21,84.3,94.5,第28回全日本リレーオリエンテーリング大会,14,4.3,14→15,15,1:27,31:49
21,23.5,98.8,第28回全日本リレーオリエンテーリング大会,15,4.3,15→16,16,1:27,33:16
22,59.7,11.3,第28回全日本リレーオリエンテーリング大会,0,11.3,△→1,1,4:01,4:01
22,54.6,16.2,第28回全日本リレーオリエンテーリング大会,1,4.9,1→2,2,1:46,5:47
22,573.6,30.8,第28回全日本リレーオリエンテーリング大会,2,14.7,2→3,3,5:14,11:02
22,89.4,38.8,第28回全日本リレーオリエンテーリング大会,3,7.9,3→4,4,2:50,13:52
22,38.8,41.1,第28回全日本リレーオリエンテーリング大会,4,2.3,4→5,5,0:50,14:42
22,148.9,48.3,第28回全日本リレーオリエンテーリング大会,5,7.2,5→6,6,2:34,17:17
22,95.8,56.6,第28回全日本リレーオリエンテーリング大会,6,8.3,6→7,7,2:57,20:14
22,102.0,65.8,第28回全日本リレーオリエンテーリング大会,7,9.2,7→8,8,3:17,23:31
22,47.3,68.9,第28回全日本リレーオリエンテーリング大会,8,3.2,8→9,9,1:08,24:39
22,44.1,71.4,第28回全日本リレーオリエンテーリング大会,9,2.5,9→10,10,0:53,25:33
22,73.3,80.3,第28回全日本リレーオリエンテーリング大会,10,8.8,10→11,11,3:09,28:42
22,24.5,82.9,第28回全日本リレーオリエンテーリング大会,11,2.7,11→12,12,0:57,29:40
22,38.7,84.8,第28回全日本リレーオリエンテーリング大会,12,1.9,12→13,13,0:40,30:20
22,67.9,89.7,第28回全日本リレーオリエンテーリング大会,13,4.9,13→14,14,1:44,32:05
22,100.4,93.7,第28回全日本リレーオリエンテーリング大会,14,4.1,14→15,15,1:27,33:32
22,104.9,98.9,第28回全日本リレーオリエンテーリング大会,15,5.1,15→16,16,1:50,35:22
23,162.3,12.6,第28回全日本リレーオリエンテーリング大会,0,12.6,△→1,1,4:12,4:12
23,39.2,16.1,第28回全日本リレーオリエンテーリング大会,1,3.4,1→2,2,1:08,5:20
23,577.5,28.4,第28回全日本リレーオリエンテーリング大会,2,12.4,2→3,3,4:07,9:27
23,114.6,36.5,第28回全日本リレーオリエンテーリング大会,3,8.1,3→4,4,2:41,12:08
23,63.9,41.3,第28回全日本リレーオリエンテーリング大会,4,4.8,4→5,5,1:35,13:44
23,78.0,46.7,第28回全日本リレーオリエンテーリング大会,5,5.4,5→6,6,1:47,15:31
23,173.8,55.0,第28回全日本リレーオリエンテーリング大会,6,8.4,6→7,7,2:47,18:19
23,95.2,65.4,第28回全日本リレーオリエンテーリング大会,7,10.4,7→8,8,3:27,21:46
23,32.9,68.2,第28回全日本リレーオリエンテーリング大会,8,2.8,8→9,9,0:55,22:42
23,34.2,71.2,第28回全日本リレーオリエンテーリング大会,9,3.0,9→10,10,1:00,23:42
23,44.1,80.4,第28回全日本リレーオリエンテーリング大会,10,9.2,10→11,11,3:03,26:46
23,53.0,82.8,第28回全日本リレーオリエンテーリング大会,11,2.4,11→12,12,0:48,27:34
23,20.2,84.5,第28回全日本リレーオリエンテーリング大会,12,1.7,12→13,13,0:34,28:08
23,84.8,90.2,第28回全日本リレーオリエンテーリング大会,13,5.7,13→14,14,1:53,30:02
23,62.9,94.4,第28回全日本リレーオリエンテーリング大会,14,4.1,14→15,15,1:22,31:24
23,48.5,98.8,第28回全日本リレーオリエンテーリング大会,15,4.4,15→16,16,1:28,32:52
24,99.1,12.0,第28回全日本リレーオリエンテーリング大会,0,12.0,△→1,1,4:09,4:09
24,81.9,16.0,第28回全日本リレーオリエンテーリング大会,1,4.0,1→2,2,1:22,5:31
24,89.1,30.4,第28回全日本リレーオリエンテーリング大会,2,14.5,2→3,3,5:00,10:32
24,182.3,38.1,第28回全日本リレーオリエンテーリング大会,3,7.7,3→4,4,2:39,13:11
24,209.5,43.2,第28回全日本リレーオリエンテーリング大会,4,5.1,4→5,5,1:45,14:56
24,413.4,49.2,第28回全日本リレーオリエンテーリング大会,5,6.0,5→6,6,2:04,17:01
24,48.3,56.9,第28回全日本リレーオリエンテーリング大会,6,7.8,6→7,7,2:41,19:42
24,101.9,65.9,第28回全日本リレーオリエンテーリング大会,7,9.0,7→8,8,3:07,22:49
24,93.2,69.0,第28回全日本リレーオリエンテーリング大会,8,3.1,8→9,9,1:04,23:53
24,29.9,71.5,第28回全日本リレーオリエンテーリング大会,9,2.5,9→10,10,0:51,24:45
24,63.6,80.1,第28回全日本リレーオリエンテーリング大会,10,8.6,10→11,11,2:59,27:44
24,72.1,82.9,第28回全日本リレーオリエンテーリング大会,11,2.7,11→12,12,0:57,28:41
24,23.7,84.6,第28回全日本リレーオリエンテーリング大会,12,1.8,12→13,13,0:37,29:18
24,57.8,89.6,第28回全日本リレーオリエンテーリング大会,13,5.0,13→14,14,1:43,31:01
24,50.9,93.6,第28回全日本リレーオリエンテーリング大会,14,4.0,14→15,15,1:22,32:24
24,47.3,98.7,第28回全日本リレーオリエンテーリング大会,15,5.2,15→16,16,1:47,34:11
25,168.6,11.6,第28回全日本リレーオリエンテーリング大会,0,11.6,△→1,1,4:00,4:00
25,46.5,14.7,第28回全日本リレーオリエンテーリング大会,1,3.1,1→2,2,1:03,5:03
25,513.6,27.9,第28回全日本リレーオリエンテーリング大会,2,13.2,2→3,3,4:31,9:34
25,60.3,36.0,第28回全日本リレーオリエンテーリング大会,3,8.1,3→4,4,2:48,12:22
25,98.9,39.0,第28回全日本リレーオリエンテーリング大会,4,3.0,4→5,5,1:01,13:24
25,122.3,46.4,第28回全日本リレーオリエンテーリング大会,5,7.4,5→6,6,2:32,15:56
25,127.4,54.4,第28回全日本リレーオリエンテーリング大会,6,8.0,6→7,7,2:46,18:42
25,145.1,64.1,第28回全日本リレーオリエンテーリング大会,7,9.6,7→8,8,3:19,22:01
25,39.6,66.7,第28回全日本リレーオリエンテーリング大会,8,2.6,8→9,9,0:53,22:55
25,44.1,69.6,第28回全日本リレーオリエンテーリング大会,9,3.0,9→10,10,1:01,23:56
25,83.7,78.9,第28回全日本リレーオリエンテーリング大会,10,9.3,10→11,11,3:12,27:08
25,37.7,82.8,第28回全日本リレーオリエンテーリング大会,11,3.9,11→12,12,1:20,28:28
25,11.3,83.9,第28回全日本リレーオリエンテーリング大会,12,1.1,12→13,13,0:22,28:51
25,86.9,90.0,第28回全日本リレーオリエンテーリング大会,13,6.1,13→14,14,2:06,30:57
25,41.1,94.3,第28回全日本リレーオリエンテーリング大会,14,4.2,14→15,15,1:27,32:24
25,48.7,98.9,第28回全日本リレーオリエンテーリング大会,15,4.7,15→16,16,1:36,34:00
26,170.3,12.2,第28回全日本リレーオリエンテーリング大会,0,12.2,△→1,1,4:17,4:17
26,20.5,15.2,第28回全日本リレーオリエンテーリング大会,1,3.0,1→2,2,1:04,5:21
26,465.0,29.9,第28回全日本リレーオリエンテーリング大会,2,14.6,2→3,3,5:08,10:30
26,75.7,37.6,第28回全日本リレーオリエンテーリング大会,3,7.8,3→4,4,2:44,13:14
26,134.8,40.4,第28回全日本リレーオリエンテーリング大会,4,2.8,4→5,5,0:59,14:13
26,116.1,48.2,第28回全日本リレーオリエンテーリング大会,5,7.7,5→6,6,2:43,16:57
26,47.4,56.1,第28回全日本リレーオリエンテーリング大会,6,7.9,6→7,7,2:46,19:43
26,86.6,65.1,第28回全日本リレーオリエンテーリング大会,7,9.0,7→8,8,3:09,22:53
26,168.7,68.4,第28回全日本リレーオリエンテーリング大会,8,3.4,8→9,9,1:11,24:04
26,22.4,71.0,第28回全日本リレーオリエンテーリング大会,9,2.6,9→10,10,0:54,24:58
26,50.0,79.6,第28回全日本リレーオリエンテーリング大会,10,8.6,10→11,11,3:02,28:00
26,36.3,83.4,第28回全日本リレーオリエンテーリング大会,11,3.8,11→12,12,1:20,29:20
26,31.5,84.5,第28回全日本リレーオリエンテーリング大会,12,1.1,12→13,13,0:22,29:43
26,126.2,89.5,第28回全日本リレーオリエンテーリング大会,13,5.0,13→14,14,1:46,31:29
26,78.9,93.8,第28回全日本リレーオリエンテーリング大会,14,4.3,14→15,15,1:30,33:00
26,50.5,98.8,第28回全日本リレーオリエンテーリング大会,15,5.0,15→16,16,1:45,34:45
27,53.8,15.4,第28回全日本リレーオリエンテーリング大会,0,15.4,△→1,1,4:21,4:21
27,138.8,21.0,第28回全日本リレーオリエンテーリング大会,1,5.6,1→2,2,1:35,5:56
27,209.5,35.6,第28回全日本リレーオリエンテーリング大会,2,14.6,2→3,3,4:09,10:06
27,202.2,44.2,第28回全日本リレーオリエンテーリング大会,3,8.6,3→4,4,2:27,12:33
27,133.7,54.0,第28回全日本リレーオリエンテーリング大会,4,9.7,4→5,5,2:45,15:18
27,103.6,66.5,第28回全日本リレーオリエンテーリング大会,5,12.6,5→6,6,3:34,18:52
27,47.2,73.0,第28回全日本リレーオリエンテーリング大会,6,6.5,6→7,7,1:50,20:43
27,24.0,74.6,第28回全日本リレーオリエンテーリング大会,7,1.6,7→8,8,0:27,21:10
27,110.2,82.4,第28回全日本リレーオリエンテーリング大会,8,7.8,8→9,9,2:12,23:22
27,150.9,88.2,第28回全日本リレーオリエンテーリング大会,9,5.8,9→10,10,1:39,25:02
27,64.3,92.1,第28回全日本リレーオリエンテーリング大会,10,3.9,10→11,11,1:06,26:08
27,41.2,98.2,第28回全日本リレーオリエンテーリング大会,11,6.1,11→12,12,1:43,27:52
28,113.0,17.5,第28回全日本リレーオリエンテーリング大会,0,17.5,△→1,1,5:14,5:14
28,107.9,25.2,第28回全日本リレーオリエンテーリング大会,1,7.7,1→2,2,2:18,7:32
28,272.6,37.4,第28回全日本リレーオリエンテーリング大会,2,12.2,2→3,3,3:38,11:11
28,189.5,47.4,第28回全日本リレーオリエンテーリング大会,3,10.0,3→4,4,2:59,14:10
28,86.7,58.1,第28回全日本リレーオリエンテーリング大会,4,10.7,4→5,5,3:12,17:22
28,89.7,69.3,第28回全日本リレーオリエンテーリング大会,5,11.2,5→6,6,3:21,20:43
28,79.7,73.2,第28回全日本リレーオリエンテーリング大会,6,3.9,6→7,7,1:10,21:53
28,30.5,75.6,第28回全日本リレーオリエンテーリング大会,7,2.4,7→8,8,0:43,22:37
28,176.8,84.9,第28回全日本リレーオリエンテーリング大会,8,9.3,8→9,9,2:46,25:23
28,38.3,87.6,第28回全日本リレーオリエンテーリング大会,9,2.7,9→10,10,0:48,26:11
28,58.1,93.2,第28回全日本リレーオリエンテーリング大会,10,5.6,10→11,11,1:40,27:52
28,36.7,98.4,第28回全日本リレーオリエンテーリング大会,11,5.2,11→12,12,1:34,29:26
29,178.0,18.6,第28回全日本リレーオリエンテーリング大会,0,18.6,△→1,1,5:17,5:17
29,31.7,21.4,第28回全日本リレーオリエンテーリング大会,1,2.8,1→2,2,0:47,6:04
29,389.4,35.7,第28回全日本リレーオリエンテーリング大会,2,14.3,2→3,3,4:03,10:07
29,101.9,41.2,第28回全日本リレーオリエンテーリング大会,3,5.5,3→4,4,1:33,11:40
29,143.1,54.2,第28回全日本リレーオリエンテーリング大会,4,13.0,4→5,5,3:41,15:22
29,71.4,66.7,第28回全日本リレーオリエンテーリング大会,5,12.6,5→6,6,3:34,18:56
29,57.9,71.0,第28回全日本リレーオリエンテーリング大会,6,4.3,6→7,7,1:12,20:09
29,29.3,74.2,第28回全日本リレーオリエンテーリング大会,7,3.2,7→8,8,0:55,21:04
29,87.4,82.1,第28回全日本リレーオリエンテーリング大会,8,7.8,8→9,9,2:13,23:17
29,102.0,88.1,第28回全日本リレーオリエンテーリング大会,9,6.0,9→10,10,1:43,25:00
29,62.2,93.8,第28回全日本リレーオリエンテーリング大会,10,5.7,10→11,11,1:36,26:37
29,28.9,98.3,第28回全日本リレーオリエンテーリング大会,11,4.5,11→12,12,1:17,27:54
30,116.7,16.3,第28回全日本リレーオリエンテーリング大会,0,16.3,△→1,1,4:54,4:54
30,76.2,21.6,第28回全日本リレーオリエンテーリング大会,1,5.3,1→2,2,1:35,6:29
30,147.2,30.6,第28回全日本リレーオリエンテーリング大会,2,9.1,2→3,3,2:44,9:13
30,161.5,37.9,第28回全日本リレーオリエンテーリング大会,3,7.3,3→4,4,2:11,11:25
30,321.2,51.2,第28回全日本リレーオリエンテーリング大会,4,13.2,4→5,5,3:59,15:24
30,65.1,54.6,第28回全日本リレーオリエンテーリング大会,5,3.5,5→6,6,1:02,16:26
30,48.1,59.2,第28回全日本リレーオリエンテーリング大会,6,4.6,6→7,7,1:22,17:49
30,88.0,71.1,第28回全日本リレーオリエンテーリング大会,7,11.9,7→8,8,3:35,21:24
30,42.1,74.5,第28回全日本リレーオリエンテーリング大会,8,3.4,8→9,9,1:00,22:25
30,36.2,76.8,第28回全日本リレーオリエンテーリング大会,9,2.3,9→10,10,0:42,23:07
30,223.1,85.0,第28回全日本リレーオリエンテーリング大会,10,8.2,10→11,11,2:28,25:35
30,32.8,89.3,第28回全日本リレーオリエンテーリング大会,11,4.3,11→12,12,1:17,26:52
30,56.7,92.8,第28回全日本リレーオリエンテーリング大会,12,3.5,12→13,13,1:03,27:56
30,55.6,98.1,第28回全日本リレーオリエンテーリング大会,13,5.4,13→14,14,1:36,29:32
31,201.0,15.0,第28回全日本リレーオリエンテーリング大会,0,15.0,△→1,1,4:43,4:43
31,73.7,21.6,第28回全日本リレーオリエンテーリング大会,1,6.6,1→2,2,2:04,6:47
31,105.5,31.0,第28回全日本リレーオリエンテーリング大会,2,9.3,2→3,3,2:55,9:42
31,280.7,38.4,第28回全日本リレーオリエンテーリング大会,3,7.5,3→4,4,2:21,12:03
31,222.0,50.9,第28回全日本リレーオリエンテーリング大会,4,12.5,4→5,5,3:54,15:58
31,117.1,55.0,第28回全日本リレーオリエンテーリング大会,5,4.1,5→6,6,1:17,17:15
31,59.7,58.7,第28回全日本リレーオリエンテーリング大会,6,3.7,6→7,7,1:09,18:24
31,76.5,70.6,第28回全日本リレーオリエンテーリング大会,7,11.9,7→8,8,3:44,22:08
31,72.4,74.6,第28回全日本リレーオリエンテーリング大会,8,4.0,8→9,9,1:14,23:23
31,33.2,77.2,第28回全日本リレーオリエンテーリング大会,9,2.7,9→10,10,0:50,24:13
31,57.8,83.9,第28回全日本リレーオリエンテーリング大会,10,6.7,10→11,11,2:06,26:19
31,59.4,89.1,第28回全日本リレーオリエンテーリング大会,11,5.2,11→12,12,1:37,27:57
31,64.9,93.9,第28回全日本リレーオリエンテーリング大会,12,4.8,12→13,13,1:31,29:28
31,39.5,98.2,第28回全日本リレーオリエンテーリング大会,13,4.2,13→14,14,1:19,30:47
32,156.5,15.0,第28回全日本リレーオリエンテーリング大会,0,15.0,△→1,1,4:32,4:32
32,45.2,18.8,第28回全日本リレーオリエンテーリング大会,1,3.8,1→2,2,1:08,5:41
32,235.0,27.6,第28回全日本リレーオリエンテーリング大会,2,8.8,2→3,3,2:40,8:21
32,177.8,31.8,第28回全日本リレーオリエンテーリング大会,3,4.2,3→4,4,1:16,9:38
32,256.2,49.2,第28回全日本リレーオリエンテーリング大会,4,17.4,4→5,5,5:16,14:54
32,66.0,52.9,第28回全日本リレーオリエンテーリング大会,5,3.8,5→6,6,1:08,16:03
32,87.3,58.1,第28回全日本リレーオリエンテーリング大会,6,5.2,6→7,7,1:34,17:37
32,81.7,69.1,第28回全日本リレーオリエンテーリング大会,7,11.0,7→8,8,3:20,20:57
32,69.8,74.7,第28回全日本リレーオリエンテーリング大会,8,5.6,8→9,9,1:42,22:39
32,44.0,76.3,第28回全日本リレーオリエンテーリング大会,9,1.6,9→10,10,0:28,23:07
32,90.4,86.6,第28回全日本リレーオリエンテーリング大会,10,10.3,10→11,11,3:07,26:15
32,72.2,89.5,第28回全日本リレーオリエンテーリング大会,11,2.9,11→12,12,0:53,27:08
32,42.2,92.9,第28回全日本リレーオリエンテーリング大会,12,3.3,12→13,13,1:00,28:09
32,51.9,98.2,第28回全日本リレーオリエンテーリング大会,13,5.3,13→14,14,1:37,29:46
33,140.3,16.3,第28回全日本リレーオリエンテーリング大会,0,16.3,△→1,1,5:00,5:00
33,154.5,28.1,第28回全日本リレーオリエンテーリング大会,1,11.8,1→2,2,3:36,8:36
33,205.2,35.9,第28回全日本リレーオリエンテーリング大会,2,7.8,2→3,3,2:23,10:59
33,110.1,47.1,第28回全日本リレーオリエンテーリング大会,3,11.2,3→4,4,3:25,14:24
33,229.5,53.6,第28回全日本リレーオリエンテーリング大会,4,6.5,4→5,5,1:59,16:24
33,47.2,59.2,第28回全日本リレーオリエンテーリング大会,5,5.6,5→6,6,1:42,18:06
33,76.7,71.9,第28回全日本リレーオリエンテーリング大会,6,12.7,6→7,7,3:53,22:00
33,63.4,75.4,第28回全日本リレーオリエンテーリング大会,7,3.6,7→8,8,1:05,23:05
33,40.3,78.1,第28回全日本リレーオリエンテーリング大会,8,2.7,8→9,9,0:49,23:55
33,112.7,85.0,第28回全日本リレーオリエンテーリング大会,9,6.8,9→10,10,2:05,26:00
33,54.3,89.8,第28回全日本リレーオリエンテーリング大会,10,4.9,10→11,11,1:29,27:29
33,59.9,93.7,第28回全日本リレーオリエンテーリング大会,11,3.8,11→12,12,1:10,28:40
33,81.0,98.5,第28回全日本リレーオリエンテーリング大会,12,4.9,12→13,13,1:29,30:09
34,155.5,16.3,第28回全日本リレーオリエンテーリング大会,0,16.3,△→1,1,5:45,5:45
34,159.7,29.3,第28回全日本リレーオリエンテーリング大会,1,13.0,1→2,2,4:33,10:18
34,219.6,37.0,第28回全日本リレーオリエンテーリング大会,2,7.7,2→3,3,2:42,13:00
34,76.9,49.2,第28回全日本リレーオリエンテーリング大会,3,12.3,3→4,4,4:18,17:19
34,164.3,55.2,第28回全日本リレーオリエンテーリング大会,4,5.9,4→5,5,2:05,19:24
34,48.4,59.7,第28回全日本リレーオリエンテーリング大会,5,4.5,5→6,6,1:36,21:00
34,89.6,71.3,第28回全日本リレーオリエンテーリング大会,6,11.6,6→7,7,4:04,25:04
34,49.5,74.6,第28回全日本リレーオリエンテーリング大会,7,3.3,7→8,8,1:09,26:13
34,31.4,76.9,第28回全日本リレーオリエンテーリング大会,8,2.4,8→9,9,0:50,27:03
34,174.5,86.0,第28回全日本リレーオリエンテーリング大会,9,9.0,9→10,10,3:10,30:14
34,72.2,89.8,第28回全日本リレーオリエンテーリング大会,10,3.9,10→11,11,1:21,31:35
34,74.4,93.0,第28回全日本リレーオリエンテーリング大会,11,3.2,11→12,12,1:07,32:42
34,63.1,98.3,第28回全日本リレーオリエンテーリング大会,12,5.3,12→13,13,1:51,34:34
35,150.3,14.3,第28回全日本リレーオリエンテーリング大会,0,14.3,△→1,1,4:06,4:06
35,126.0,28.8,第28回全日本リレーオリエンテーリング大会,1,14.5,1→2,2,4:09,8:15
35,97.5,33.0,第28回全日本リレーオリエンテーリング大会,2,4.3,2→3,3,1:13,9:29
35,178.4,48.8,第28回全日本リレーオリエンテーリング大会,3,15.7,3→4,4,4:31,14:00
35,300.7,52.9,第28回全日本リレーオリエンテーリング大会,4,4.2,4→5,5,1:11,15:12
35,52.3,56.8,第28回全日本リレーオリエンテーリング大会,5,3.9,5→6,6,1:07,16:19
35,95.4,69.4,第28回全日本リレーオリエンテーリング大会,6,12.6,6→7,7,3:37,19:56
35,67.0,74.9,第28回全日本リレーオリエンテーリング大会,7,5.5,7→8,8,1:35,21:32
35,24.2,76.5,第28回全日本リレーオリエンテーリング大会,8,1.5,8→9,9,0:26,21:59
35,73.6,83.3,第28回全日本リレーオリエンテーリング大会,9,6.9,9→10,10,1:58,23:57
35,70.3,88.9,第28回全日本リレーオリエンテーリング大会,10,5.5,10→11,11,1:35,25:32
35,91.0,94.3,第28回全日本リレーオリエンテーリング大会,11,5.4,11→12,12,1:33,27:05
35,52.5,98.5,第28回全日本リレーオリエンテーリング大会,12,4.2,12→13,13,1:13,28:18
